pauta_id;nome_pauta;data_pauta;candidato;descricao;caminho_pasta;take_id;nome_arquivo;comentario;favorito;caminho_arquivo
35;TRES LAGOAS;18/06/2026;Vander;"CARD 01 AZUL

pasta ""chamada"" - chamada lula arquivos separados
Imagens de apoio Praça vila haro( verbas do Vander em 2024 para construção)
Fachada feira central de 3 lagoas( não é do Vander)
Imagens construção obra da USF Miguel Nunes (novo PAC)
Imagens da estatua do Cristo de 3 lagoas
Imagens da praça em frente ao cristo
Imagens da lagoa maior (capivara, patos pessoas correndo)
Reunião plenária do PT de três lagoas
Reunião com prefeito de três lagoas
Lançamento pre candidatura Maria Diogo
Visita a clínica que recebe recurso do SUS,( SEM AUDIO)
VT VANDER REDES CONJUNTO NOVO OESTE
(FALA DO VANDER COM PERSONAGEN, RENDEU MUITO)
VT rede escola em tempo integral
Cabeça do vídeo com vereadora Maria Diogo
Cabeça de vídeo Vander
Cabeça de vídeo USF Miguel nunes
VT REDES FABRICA FERTILIZANTES
vander chegando na fábrica dentro carro
Cabeça em frente a fabrica de fertilizantes.";D:/VANDER/AGENDA VANDER/2026-06-18 - TRES LAGOAS/CARD1/PRIVATE/M4ROOT/CLIP;1624;C052C236_260618PL.MP4;Reunião plenária do PT de três lagoas - vander abraço;0;D:\VANDER\AGENDA VANDER\2026-06-18 - TRES LAGOAS\CARD1\PRIVATE\M4ROOT\CLIP\C052C236_260618PL.MP4
31;VANDER BONITO AQUIDAUANA;17/06/2026;Vander;"caravana da Sudeco
Gravação do VT sobre a cultura de bonito
construção de 80 unidades habitacionais";D:/VANDER/AGENDA VANDER/2026-06-17 - VANDER BONITO AQUIDAUANA/cad2/PRIVATE/M4ROOT/CLIP;1244;C049C024_260616AU.MP4;Imagens de cobertura pessoas abraços;0;D:\VANDER\AGENDA VANDER\2026-06-17 - VANDER BONITO AQUIDAUANA\cad2\PRIVATE\M4ROOT\CLIP\C049C024_260616AU.MP4
31;VANDER BONITO AQUIDAUANA;17/06/2026;Vander;"caravana da Sudeco
Gravação do VT sobre a cultura de bonito
construção de 80 unidades habitacionais";D:/VANDER/AGENDA VANDER/2026-06-17 - VANDER BONITO AQUIDAUANA/cad2/PRIVATE/M4ROOT/CLIP;1246;C049C026_260616JV.MP4;Imagens de cobertura pessoas abraços;0;D:\VANDER\AGENDA VANDER\2026-06-17 - VANDER BONITO AQUIDAUANA\cad2\PRIVATE\M4ROOT\CLIP\C049C026_260616JV.MP4
31;VANDER BONITO AQUIDAUANA;17/06/2026;Vander;"caravana da Sudeco
Gravação do VT sobre a cultura de bonito
construção de 80 unidades habitacionais";D:/VANDER/AGENDA VANDER/2026-06-17 - VANDER BONITO AQUIDAUANA/cad2/PRIVATE/M4ROOT/CLIP;1268;C049C050_260616RB.MP4;Feed Phil de Vander na caravana da sudeco cumprimentando / abraço;0;D:\VANDER\AGENDA VANDER\2026-06-17 - VANDER BONITO AQUIDAUANA\cad2\PRIVATE\M4ROOT\CLIP\C049C050_260616RB.MP4
31;VANDER BONITO AQUIDAUANA;17/06/2026;Vander;"caravana da Sudeco
Gravação do VT sobre a cultura de bonito
construção de 80 unidades habitacionais";D:/VANDER/AGENDA VANDER/2026-06-17 - VANDER BONITO AQUIDAUANA/cad2/PRIVATE/M4ROOT/CLIP;1269;C049C051_260616UO.MP4;Feed Phil de Vander na caravana da sudeco cumprimentando / abraço;0;D:\VANDER\AGENDA VANDER\2026-06-17 - VANDER BONITO AQUIDAUANA\cad2\PRIVATE\M4ROOT\CLIP\C049C051_260616UO.MP4
31;VANDER BONITO AQUIDAUANA;17/06/2026;Vander;"caravana da Sudeco
Gravação do VT sobre a cultura de bonito
construção de 80 unidades habitacionais";D:/VANDER/AGENDA VANDER/2026-06-17 - VANDER BONITO AQUIDAUANA/cad2/PRIVATE/M4ROOT/CLIP;1270;C049C052_260616KZ.MP4;Feed Phil de Vander na caravana da sudeco cumprimentando / abraço;0;D:\VANDER\AGENDA VANDER\2026-06-17 - VANDER BONITO AQUIDAUANA\cad2\PRIVATE\M4ROOT\CLIP\C049C052_260616KZ.MP4
31;VANDER BONITO AQUIDAUANA;17/06/2026;Vander;"caravana da Sudeco
Gravação do VT sobre a cultura de bonito
construção de 80 unidades habitacionais";D:/VANDER/AGENDA VANDER/2026-06-17 - VANDER BONITO AQUIDAUANA/cad2/PRIVATE/M4ROOT/CLIP;1274;C049C056_260616AA.MP4;Feed Phil de Vander na caravana da sudeco cumprimentando / abraço;0;D:\VANDER\AGENDA VANDER\2026-06-17 - VANDER BONITO AQUIDAUANA\cad2\PRIVATE\M4ROOT\CLIP\C049C056_260616AA.MP4
31;VANDER BONITO AQUIDAUANA;17/06/2026;Vander;"caravana da Sudeco
Gravação do VT sobre a cultura de bonito
construção de 80 unidades habitacionais";D:/VANDER/AGENDA VANDER/2026-06-17 - VANDER BONITO AQUIDAUANA/cad2/PRIVATE/M4ROOT/CLIP;1276;C049C058_260616OW.MP4;Feed Phil de Vander na caravana da sudeco cumprimentando / abraço;0;D:\VANDER\AGENDA VANDER\2026-06-17 - VANDER BONITO AQUIDAUANA\cad2\PRIVATE\M4ROOT\CLIP\C049C058_260616OW.MP4
31;VANDER BONITO AQUIDAUANA;17/06/2026;Vander;"caravana da Sudeco
Gravação do VT sobre a cultura de bonito
construção de 80 unidades habitacionais";D:/VANDER/AGENDA VANDER/2026-06-17 - VANDER BONITO AQUIDAUANA/cad2/PRIVATE/M4ROOT/CLIP;1281;C049C063_260616YO.MP4;Feed Phil de Vander na caravana da sudeco cumprimentando / abraço;0;D:\VANDER\AGENDA VANDER\2026-06-17 - VANDER BONITO AQUIDAUANA\cad2\PRIVATE\M4ROOT\CLIP\C049C063_260616YO.MP4
